-- Leeren der Tabellen (Daten werden entfernt, Struktur bleibt erhalten)
-- DROP SCHEMA public CASCADE;
-- CREATE SCHEMA public;
TRUNCATE TABLE Kunde, Film, Kinosaal, Vorstellung, Mitarbeiter, Techniker, Ticket, wartet, storniert RESTART IDENTITY CASCADE;


INSERT INTO Kunde (Email, Passwort, Vorname, Nachname, Geburtsdatum, Strasse, Hausnummer, Stadt, PLZ) VALUES
('33996530_4156@pxmuwy.db', 'Ishw8M6A#f', 'Peter', 'John', '1987-10-29', 'Schulzweg', '7C', 'Webstadt', 37535),
('8268428_5@wfbuvd.db', 'u#PxuS13KM', 'Michael', 'Stefan', '1988-03-13', 'Schmidtweg', '9', 'Musterstadt', 18142),
('837432-55@iuvdtcc.db', 'vZ59#usjRg', 'Max', 'Carla', '1980-01-01', 'Kleinstrasse', '3', 'Fischstadt', 88825),
('8985940215@uafpn.db', 'ZBtzY0!Tm3', 'Monika', 'Sandra', '1996-04-16', 'Loewenstrasse', '3', 'Schneiderstadt', 86691),
('2-6_34@zmhma.db', 'GRbI5u!h7l', 'Sandra', 'Max', '1998-07-25', 'Fischerstrasse', '7', 'Fischstadt', 10163),
('6688375793@zmtefwob.db', 'P7Gcs#oTc3', 'Sophie', 'Claudia', '1997-09-29', 'Loewenstrasse', '0', 'Loewenstadt', 72034),
('9974852146566@clngalxp.db', 'VLyx!b56tl', 'Lena', 'Sandra', '1996-09-02', 'Schmidtweg', '5G', 'Musterstadt', 21117),
('96200@lwnweqqzof.db', 'sq7#a631RT', 'Susan', 'Benjamin', '1994-06-15', 'Schneiderweg', '6A', 'Beispielstadt', 96116),
('1037344--4031@ktjkdvfh.db', 'lQD!fAd33v', 'John', 'Frank', '1984-10-27', 'Hauptstrasse', '2', 'Musterstadt', 79400),
('9-030@viqlujd.db', 'x4822BjGw#', 'Susan', 'Peter', '1986-04-03', 'Fischerstrasse', '4', 'Schneiderstadt', 24453),
('195586-1-00@xwlghzdx.db', 'y#FkG58J8f', 'Josef', 'Peter', '1999-02-04', 'Schulzweg', '7F', 'Beispielstadt', 33190),
('4---21@pwpcwh.db', '19bbYNf#P!', 'Frank', 'Sophie', '1992-06-26', 'Kleinstrasse', '3E', 'Schmidtstadt', 25698),
('5-404_-41065@ukojq.db', '4f!!pHZ6Qq', 'Christian', 'Josef', '1986-12-07', 'Loewenstrasse', '4', 'Hauptstadt', 60073),
('530_75_4924@nokmix.db', '!QV5shQ1t!', 'Anna', 'Stefan', '1997-04-02', 'Schmidtweg', '5E', 'Webstadt', 10201),
('3566779481456@gwcfgmsvty.db', 'mK4L!rA2is', 'Peter', 'Andreas', '1991-09-26', 'Schulstrasse', '1P', 'Beispielstadt', 44404),
('196434@utxfiraam.db', '!ucYpR3U0w', 'Anna', 'Claudia', '1988-02-23', 'Schulzweg', '5', 'Fischstadt', 27186),
('55_-_3967@cflzrqt.db', 'n7!rFVq0Ei', 'Lisa', 'Hans', '1993-11-10', 'Beispielstrasse', '0', 'Hauptstadt', 88854),
('2_18-@qosqilcr.db', 'TP1xpw!5Sl', 'Josef', 'Sandra', '1995-05-25', 'Schulstrasse', '0', 'Schmidtstadt', 11446),
('4970_93_9_7015@murmmjn.db', '4nIM#kd7bF', 'Stefan', 'Anna', '1992-05-30', 'Musterstrasse', '6L', 'Webstadt', 37330),
('1-720_038538@xjzhwl.db', 'j5Ygq5vlG!', 'Rebecca', 'Carla', '1999-12-29', 'Kleinstrasse', '4K', 'Loewenstadt', 92311),
('788-2@crupyhunzc.db', 'EKnHyo!z01', 'Oliver', 'Lisa', '1982-07-09', 'Loewenstrasse', '3S', 'Schneiderstadt', 99366),
('2203_2@acosczg.db', 'aFOs!y16QT', 'Oliver', 'John', '1984-12-05', 'Hauptstrasse', '6', 'Hauptstadt', 31773),
('6_058@nibvlsm.db', '2d#l2FNBoL', 'Rebecca', 'Oliver', '1997-06-28', 'Musterstrasse', '5M', 'Loewenstadt', 46593),
('2_4_9_-@ntrkgmguq.db', '6AAc!lx71u', 'Julia', 'Josef', '1985-11-06', 'Schulzweg', '8A', 'Beispielstadt', 97037),
('9764635-70@aevno.db', 'Cj9#v5QoaF', 'Michael', 'Paul', '1998-06-10', 'Loewenstrasse', '4', 'Schmidtstadt', 43449),
('9490-42728-3_@zumpyoa.db', 'V6Ix!dFxa7', 'Andreas', 'Paul', '1999-06-20', 'Schulstrasse', '4', 'Kleinstadt', 14955),
('005__@tklnrhl.db', 'fPrh#F5VF9', 'Peter', 'Max', '1986-06-07', 'Fischerstrasse', '6F', 'Webstadt', 62999),
('37-41172-9@aotxpnr.db', 'qo!Hs69E0O', 'Anna', 'Christian', '1980-08-10', 'Schulstrasse', '8Y', 'Musterstadt', 56490),
('5_-846675652561@yadosysxyc.db', '7wpgEYB2a#', 'Rebecca', 'Sophie', '1989-11-04', 'Hauptstrasse', '0O', 'Beispielstadt', 44429),
('163912@nzakqois.db', 'QJgw4s2!C4', 'Paul', 'Lena', '1988-08-04', 'Schneiderweg', '2Y', 'Fischstadt', 98069),
('40580@tlmjgcx.db', 'Xng4Ws!6Lw', 'Elisabeth', 'Andreas', '1998-08-23', 'Loewenstrasse', '8', 'Kleinstadt', 81464),
('6-6896@ltbljegjty.db', 'RU!Xc9oY2m', 'Christian', 'Lisa', '1993-06-04', 'Schulstrasse', '6Q', 'Hauptstadt', 99139),
('1_23216@sqgnhc.db', 'IB61#SnFos', 'Josef', 'Christian', '1982-01-22', 'Kleinstrasse', '7', 'Fischstadt', 23058),
('3915440@wamfqmuqx.db', 't!z34RsM5U', 'Elisabeth', 'Carla', '1986-11-23', 'Musterstrasse', '5', 'Loewenstadt', 31714),
('71-3_885839555@osxyypfk.db', '8wTS2B#ffN', 'Frank', 'Susan', '2000-01-05', 'Schulzweg', '3Q', 'Schulstadt', 70432),
('283-6@iqgqtme.db', 'zeIgA2S#6N', 'Stefan', 'Sophie', '1988-06-23', 'Kleinstrasse', '2B', 'Musterstadt', 86651),
('95014@rvhkvcrbdn.db', 'rzUkYl0!4k', 'Martin', 'Paul', '1981-03-30', 'Musterstrasse', '9L', 'Schulstadt', 19386),
('46448494_2@yxhzkoo.db', 's#RD9yd9pZ', 'Benjamin', 'Lisa', '1985-05-07', 'Schulzweg', '9', 'Schulstadt', 12523),
('_4866@qgwqhiose.db', 'TjrWc6v02#', 'Susan', 'Hanna', '1983-04-28', 'Loewenstrasse', '6O', 'Kleinstadt', 23082),
('-5147@nyuezquas.db', 'dZq5#rZAK7', 'Hanna', 'Hanna', '1995-04-01', 'Schmidtweg', '8S', 'Schmidtstadt', 49194),
('2-5_-78962597-7@zvcrx.db', 'y!wKf5Bcf4', 'Andreas', 'Hans', '1996-08-19', 'Fischerstrasse', '2T', 'Schulstadt', 24534),
('0549_8707@pkttwagiw.db', 'KL2iimA66!', 'Lena', 'Michael', '1991-04-19', 'Schulstrasse', '3', 'Schmidtstadt', 76451),
('325836-@uqaiefk.db', '55XL!WkaxE', 'Hanna', 'Rebecca', '1987-06-27', 'Schmidtweg', '6', 'Loewenstadt', 56141),
('120_32-__2995@yhztvy.db', 'inZ4#94ssO', 'Anna', 'Christian', '1999-10-21', 'Schmidtweg', '0U', 'Kleinstadt', 10045),
('336__096_@rsmjnl.db', '7V!4NhrhK9', 'Lena', 'Stefan', '1998-09-28', 'Hauptstrasse', '9L', 'Loewenstadt', 60807),
('-1-248_4-45@uotgq.db', '!v9cHNe20j', 'Julia', 'Sandra', '2000-02-06', 'Schmidtweg', '0C', 'Musterstadt', 96330),
('6_5_319-06@bhpajofzc.db', 'hL3waF9p#q', 'John', 'Susan', '1982-06-03', 'Fischerstrasse', '3', 'Beispielstadt', 17487),
('982_4@bhaon.db', 'TBzbrPq!05', 'Claudia', 'Peter', '1985-07-28', 'Hauptstrasse', '7V', 'Fischstadt', 44683),
('5701_4@rrulqpf.db', 'kFx3XO1W#g', 'Peter', 'Rebecca', '1984-09-29', 'Beispielstrasse', '6', 'Fischstadt', 56160),
('76873995652569@qjubjqjp.db', '7R7!XSofwx', 'John', 'Oliver', '1990-12-10', 'Schulzweg', '4', 'Kleinstadt', 39646),
('1009-8-00@qlkfne.db', 'CKa1#Mg0fk', 'Oliver', 'Claudia', '1992-02-28', 'Loewenstrasse', '2', 'Schneiderstadt', 46956),
('908546502152@khjpoh.db', '3Fk5aANBc#', 'Andreas', 'Susan', '1994-04-05', 'Schneiderweg', '3H', 'Hauptstadt', 74882),
('1-8056_6@buhafg.db', '3cnE!u7icL', 'Paul', 'Peter', '1989-05-29', 'Beispielstrasse', '8I', 'Beispielstadt', 96904),
('76997_401-7251-@qadnlq.db', 'WzLI7svT#3', 'Julia', 'Carla', '1987-03-08', 'Schneiderweg', '8', 'Kleinstadt', 74210),
('45_6581294841_@pcefoz.db', '#ilj7OCbH3', 'Frank', 'Lena', '1981-10-02', 'Beispielstrasse', '4', 'Kleinstadt', 15741),
('33650765-@nsaldnsu.db', 'x5A8pCvRh#', 'Emily', 'Rebecca', '1992-04-07', 'Beispielstrasse', '2B', 'Loewenstadt', 79195),
('21_82@fdsrcrrjt.db', 'Ogq0zNai5!', 'Anna', 'Benjamin', '1997-12-29', 'Beispielstrasse', '5', 'Webstadt', 89435),
('23_363353_@jhqyry.db', 'Qj82Upkfa#', 'Claudia', 'John', '1980-09-08', 'Schneiderweg', '3P', 'Beispielstadt', 88269),
('_-24737@ycqtuzmdhl.db', 'ouMsL#60cd', 'Elisabeth', 'Frank', '1997-01-24', 'Schneiderweg', '1C', 'Kleinstadt', 62843),
('8773582-9@jpdbm.db', 'I!XibDh4d6', 'Frank', 'Lena', '1991-11-02', 'Musterstrasse', '6', 'Schmidtstadt', 73986),
('1324639967_8@txrrhihloq.db', 'aDf2WZz!4S', 'Susan', 'Monika', '1998-10-20', 'Schulstrasse', '2', 'Schulstadt', 20499),
('0_65340-@loeunx.db', 'O2o!b3Dl5E', 'Hans', 'Sophie', '1994-11-02', 'Musterstrasse', '8L', 'Schmidtstadt', 86112),
('-4208_@igjnhtcjv.db', 'ft#wa4NSd2', 'Susan', 'Anna', '1997-02-25', 'Beispielstrasse', '6', 'Musterstadt', 88487),
('24_199@vnykcqhdgk.db', '!z7W40xOot', 'Emily', 'Elisabeth', '1997-02-22', 'Schneiderweg', '1N', 'Beispielstadt', 63930),
('077-058@evabjcbeeu.db', 'kz!fUbXJ86', 'Susan', 'Benjamin', '1988-08-12', 'Schmidtweg', '1D', 'Loewenstadt', 24774),
('8424343186-79@xgtfqtp.db', '3lh!YZy5Fb', 'Michael', 'Sophie', '1997-08-01', 'Kleinstrasse', '9', 'Schneiderstadt', 12164),
('44155_6527888@hkxuf.db', '!S4Rnj5Okw', 'Sophie', 'Sophie', '1980-05-29', 'Loewenstrasse', '7', 'Webstadt', 84906),
('8-4224@oonsiwtr.db', 'dk9Uc6HaT!', 'Paul', 'Frank', '1989-07-11', 'Schulzweg', '5A', 'Loewenstadt', 94017),
('61283@uahsioo.db', 'ccrgVL96#E', 'Claudia', 'Emily', '1997-05-03', 'Schmidtweg', '4P', 'Webstadt', 87969),
('2528-93@ybhhooiry.db', 'NH6!0nd9wH', 'Oliver', 'Carla', '1996-06-30', 'Hauptstrasse', '8K', 'Kleinstadt', 31502),
('91--4_086303_35@ubmuqn.db', 'cChI!M7M3u', 'Peter', 'Claudia', '1984-03-06', 'Schulzweg', '0', 'Hauptstadt', 81949),
('4-2447267_90@bnlaqqwdrd.db', 'Tj8I5!idmS', 'Sophie', 'Carla', '1990-03-31', 'Schulstrasse', '0A', 'Schmidtstadt', 37276),
('_4839-993342@mmecelaxa.db', '!Jv7vjS2Cu', 'Benjamin', 'Anna', '1991-11-07', 'Fischerstrasse', '7', 'Kleinstadt', 23515),
('_65293_53@rmewwvvlq.db', 'iKf9Bc0Fj!', 'Sandra', 'Andreas', '1998-02-15', 'Schmidtweg', '7', 'Schmidtstadt', 30658),
('__293@rlxfsapcsq.db', 'H!QWpnzb69', 'Frank', 'Peter', '1984-07-21', 'Hauptstrasse', '8', 'Kleinstadt', 66022),
('794851561267@efrqbks.db', 'caS8w8#F0c', 'Rebecca', 'Stefan', '1983-01-12', 'Fischerstrasse', '1', 'Schmidtstadt', 23214),
('_1980443@hllkwevndl.db', 'rAOyB2J!3f', 'Julia', 'Carla', '1983-08-28', 'Schulstrasse', '1', 'Hauptstadt', 63127),
('-4527@azllnapjqe.db', '6vy87U!qB#', 'Emily', 'Paul', '1993-11-18', 'Schulzweg', '7', 'Schulstadt', 41315),
('5-5268_126@sfdlwi.db', 'Y5fnC#Z7!k', 'Michael', 'Sophie', '1990-05-15', 'Fischerstrasse', '9', 'Schulstadt', 10361),
('765_73@ofwdcpe.db', 'n2Oh53vL#Y', 'John', 'Lena', '1992-03-23', 'Musterstrasse', '9T', 'Hauptstadt', 19892),
('-220-19_532629@bakdqvmmn.db', 'yB#2JEl7kg', 'Monika', 'Rebecca', '1985-12-02', 'Loewenstrasse', '8', 'Schmidtstadt', 13156),
('17185444-0@avtigp.db', 's3DHXs#a3P', 'Paul', 'Julia', '2000-03-16', 'Musterstrasse', '2', 'Beispielstadt', 29663),
('6-7_265__88@uviwytor.db', 'dy6R4Yv!0R', 'Max', 'John', '1986-12-17', 'Hauptstrasse', '9G', 'Hauptstadt', 42911),
('_-0619@aljweizet.db', 'fzy3o!7AK0', 'Lisa', 'Claudia', '1982-06-06', 'Schneiderweg', '8F', 'Schulstadt', 51651),
('6-478_81@jsutzl.db', '8C#Upsh8nR', 'Josef', 'Rebecca', '1989-03-16', 'Schulzweg', '2G', 'Webstadt', 63318),
('_150-_57090@cvjuywd.db', '7!uE7nW3kY', 'Frank', 'Oliver', '1992-07-21', 'Beispielstrasse', '1E', 'Webstadt', 86985),
('9_-18_88@iuvbcbj.db', 'Pexr!H621g', 'Susan', 'Sandra', '1981-09-13', 'Schmidtweg', '1', 'Webstadt', 94875),
('85-5_9@xhwfe.db', 'p0v!H5EsQ1', 'Emily', 'Susan', '1993-04-30', 'Fischerstrasse', '2Y', 'Fischstadt', 81836),
('790371_69530@cvxgfj.db', 'MdE#55bLiw', 'Emily', 'Peter', '1981-06-08', 'Schmidtweg', '4L', 'Webstadt', 31152),
('28_7164_7--21@obmapbpg.db', 'hFB8TaJv8!', 'Monika', 'Hanna', '1982-07-30', 'Kleinstrasse', '1Y', 'Fischstadt', 41255),
('9466638__7--@hvvgbvottp.db', 'OE#do7dp97', 'Carla', 'Max', '1983-02-27', 'Fischerstrasse', '5J', 'Schmidtstadt', 65141),
('8761-_1@zhhnsdy.db', 'pgp4SYi4#m', 'Rebecca', 'Lena', '1988-02-15', 'Schulzweg', '0', 'Hauptstadt', 60376),
('170_290_@uzprdgdc.db', 's3aaWD!cj8', 'Stefan', 'Hans', '1987-08-31', 'Schulstrasse', '3', 'Loewenstadt', 26283),
('321888-423-@xfyar.db', '05gNY!VvSp', 'Lena', 'Lisa', '1995-06-17', 'Fischerstrasse', '4', 'Hauptstadt', 29558),
('75_597912259_96@sonasqygx.db', 'VK3qUn8#oW', 'Michael', 'Hans', '1989-04-16', 'Schulzweg', '6I', 'Kleinstadt', 18405),
('36807058-@thpbleiiz.db', '9J!TySr21r', 'Hans', 'Paul', '1989-08-07', 'Schulzweg', '9J', 'Schmidtstadt', 75199),
('1980__@rfuohw.db', 'Xt229Dyj#v', 'Sophie', 'Julia', '1994-05-06', 'Fischerstrasse', '4', 'Schmidtstadt', 61122),
('8589-_712_226@vfijyvu.db', '3gVrK1Wv#6', 'Frank', 'Sophie', '1993-05-06', 'Schneiderweg', '7O', 'Hauptstadt', 61636),
('2--66-62636@utwsmjc.db', '#p6Nk2uTr6', 'Claudia', 'Martin', '1992-10-28', 'Fischerstrasse', '1Z', 'Musterstadt', 48800),
('84087-47_3@jyijeyvxd.db', 'f7KsF4z#H7', 'Hans', 'Julia', '1992-05-23', 'Schneiderweg', '6Z', 'Schulstadt', 32863);


INSERT INTO Film (Titel, Genre, FSK, Dauer) VALUES
('Der Pate', 'Drama', 16, 175),
('Avengers: Endgame', 'Action', 12, 181),
('Forrest Gump', 'Drama', 12, 142),
('Inception', 'Science Fiction', 12, 148),
('The Dark Knight', 'Action', 16, 152),
('Pulp Fiction', 'Crime', 18, 154),
('Gladiator', 'Action', 16, 155),
('Interstellar', 'Science Fiction', 12, 169),
('Schindlers Liste', 'Drama', 12, 195),
('Titanic', 'Drama', 12, 195),
('The Matrix', 'Science Fiction', 12, 136),
('The Shawshank Redemption', 'Drama', 12, 142),
('Star Wars: A New Hope', 'Science Fiction', 12, 121),
('Jurassic Park', 'Science Fiction', 12, 127),
('The Godfather Part II', 'Crime', 18, 202),
('Fight Club', 'Drama', 18, 139),
('The Lion King', 'Animation', 6, 88),
('Back to the Future', 'Adventure', 12, 116),
('The Prestige', 'Drama', 12, 130),
('Goodfellas', 'Crime', 18, 146),
('The Green Mile', 'Drama', 12, 189),
('The Departed', 'Crime', 18, 151),
('Jurassic World', 'Science Fiction', 12, 124),
('Deadpool', 'Action', 18, 108),
('La La Land', 'Musical', 6, 128),
('Spider-Man: No Way Home', 'Action', 12, 148),
('The Silence of the Lambs', 'Crime', 18, 118),
('Avatar', 'Science Fiction', 12, 162),
('Harry Potter and the Sorcerers Stone', 'Fantasy', 6, 152),
('The Avengers', 'Action', 12, 143);

INSERT INTO Kinosaal (Saalname, Kapazitaet) VALUES
('SaalA', 150),
('SaalB', 200),
('SaalC', 250),
('SaalD', 180),
('SaalE', 120),
('SaalF', 300),
('SaalG', 350),
('SaalH', 400),
('SaalI', 100),
('SaalJ', 500);


INSERT INTO Vorstellung (Datum, Uhrzeit, Saalname, FilmID) VALUES
('2024-12-20', '10:00', 'SaalA', (SELECT FilmID FROM Film WHERE Titel = 'Der Pate' LIMIT 1)),
('2024-12-20', '13:00', 'SaalB', (SELECT FilmID FROM Film WHERE Titel = 'Avengers: Endgame' LIMIT 1)),
('2024-12-20', '16:00', 'SaalC', (SELECT FilmID FROM Film WHERE Titel = 'Forrest Gump' LIMIT 1)),
('2024-12-20', '19:00', 'SaalA', (SELECT FilmID FROM Film WHERE Titel = 'Inception' LIMIT 1)),
('2024-12-20', '22:00', 'SaalB', (SELECT FilmID FROM Film WHERE Titel = 'The Dark Knight' LIMIT 1)),
('2024-12-21', '10:00', 'SaalC', (SELECT FilmID FROM Film WHERE Titel = 'Pulp Fiction' LIMIT 1)),
('2024-12-21', '13:00', 'SaalA', (SELECT FilmID FROM Film WHERE Titel = 'Gladiator' LIMIT 1)),
('2024-12-21', '16:00', 'SaalB', (SELECT FilmID FROM Film WHERE Titel = 'Interstellar' LIMIT 1)),
('2024-12-21', '19:00', 'SaalC', (SELECT FilmID FROM Film WHERE Titel = 'Schindlers Liste' LIMIT 1)),
('2024-12-21', '22:00', 'SaalA', (SELECT FilmID FROM Film WHERE Titel = 'Titanic' LIMIT 1)),
('2024-12-22', '10:00', 'SaalB', (SELECT FilmID FROM Film WHERE Titel = 'The Matrix' LIMIT 1)),
('2024-12-22', '13:00', 'SaalC', (SELECT FilmID FROM Film WHERE Titel = 'The Shawshank Redemption' LIMIT 1)),
('2024-12-22', '16:00', 'SaalA', (SELECT FilmID FROM Film WHERE Titel = 'Star Wars: A New Hope' LIMIT 1)),
('2024-12-22', '19:00', 'SaalB', (SELECT FilmID FROM Film WHERE Titel = 'Jurassic Park' LIMIT 1)),
('2024-12-22', '22:00', 'SaalC', (SELECT FilmID FROM Film WHERE Titel = 'The Godfather Part II' LIMIT 1)),
('2024-12-23', '10:00', 'SaalA', (SELECT FilmID FROM Film WHERE Titel = 'Fight Club' LIMIT 1)),
('2024-12-23', '13:00', 'SaalB', (SELECT FilmID FROM Film WHERE Titel = 'The Lion King' LIMIT 1)),
('2024-12-23', '16:00', 'SaalC', (SELECT FilmID FROM Film WHERE Titel = 'Back to the Future' LIMIT 1)),
('2024-12-23', '19:00', 'SaalA', (SELECT FilmID FROM Film WHERE Titel = 'The Prestige' LIMIT 1)),
('2024-12-23', '22:00', 'SaalB', (SELECT FilmID FROM Film WHERE Titel = 'Goodfellas' LIMIT 1)),
('2024-12-24', '10:00', 'SaalC', (SELECT FilmID FROM Film WHERE Titel = 'The Green Mile' LIMIT 1)),
('2024-12-24', '13:00', 'SaalA', (SELECT FilmID FROM Film WHERE Titel = 'The Departed' LIMIT 1)),
('2024-12-24', '16:00', 'SaalB', (SELECT FilmID FROM Film WHERE Titel = 'Jurassic World' LIMIT 1)),
('2024-12-24', '19:00', 'SaalC', (SELECT FilmID FROM Film WHERE Titel = 'Deadpool' LIMIT 1)),
('2024-12-24', '22:00', 'SaalA', (SELECT FilmID FROM Film WHERE Titel = 'La La Land' LIMIT 1)),
('2024-12-25', '10:00', 'SaalB', (SELECT FilmID FROM Film WHERE Titel = 'Spider-Man: No Way Home' LIMIT 1)),
('2024-12-25', '13:00', 'SaalC', (SELECT FilmID FROM Film WHERE Titel = 'The Silence of the Lambs' LIMIT 1)),
('2024-12-25', '16:00', 'SaalA', (SELECT FilmID FROM Film WHERE Titel = 'Avatar' LIMIT 1)),
('2024-12-25', '19:00', 'SaalB', (SELECT FilmID FROM Film WHERE Titel = 'Harry Potter and the Sorcerers Stone' LIMIT 1)),
('2024-12-25', '22:00', 'SaalC', (SELECT FilmID FROM Film WHERE Titel = 'The Avengers' LIMIT 1)),
('2024-12-26', '10:00', 'SaalA', (SELECT FilmID FROM Film WHERE Titel = 'Der Pate' LIMIT 1)),
('2024-12-26', '13:00', 'SaalB', (SELECT FilmID FROM Film WHERE Titel = 'Avengers: Endgame' LIMIT 1)),
('2024-12-26', '16:00', 'SaalC', (SELECT FilmID FROM Film WHERE Titel = 'Forrest Gump' LIMIT 1)),
('2024-12-26', '19:00', 'SaalA', (SELECT FilmID FROM Film WHERE Titel = 'Inception' LIMIT 1)),
('2024-12-26', '22:00', 'SaalB', (SELECT FilmID FROM Film WHERE Titel = 'The Dark Knight' LIMIT 1)),
('2024-12-27', '10:00', 'SaalC', (SELECT FilmID FROM Film WHERE Titel = 'Pulp Fiction' LIMIT 1)),
('2024-12-27', '13:00', 'SaalA', (SELECT FilmID FROM Film WHERE Titel = 'Gladiator' LIMIT 1)),
('2024-12-27', '16:00', 'SaalB', (SELECT FilmID FROM Film WHERE Titel = 'Interstellar' LIMIT 1)),
('2024-12-27', '19:00', 'SaalC', (SELECT FilmID FROM Film WHERE Titel = 'Schindlers Liste' LIMIT 1)),
('2024-12-27', '22:00', 'SaalA', (SELECT FilmID FROM Film WHERE Titel = 'Titanic' LIMIT 1)),
('2024-12-28', '10:00', 'SaalB', (SELECT FilmID FROM Film WHERE Titel = 'The Matrix' LIMIT 1)),
('2024-12-28', '13:00', 'SaalC', (SELECT FilmID FROM Film WHERE Titel = 'The Shawshank Redemption' LIMIT 1)),
('2024-12-28', '16:00', 'SaalA', (SELECT FilmID FROM Film WHERE Titel = 'Star Wars: A New Hope' LIMIT 1)),
('2024-12-28', '19:00', 'SaalB', (SELECT FilmID FROM Film WHERE Titel = 'Jurassic Park' LIMIT 1)),
('2024-12-28', '22:00', 'SaalC', (SELECT FilmID FROM Film WHERE Titel = 'The Godfather Part II' LIMIT 1)),
('2024-12-29', '10:00', 'SaalA', (SELECT FilmID FROM Film WHERE Titel = 'Fight Club' LIMIT 1)),
('2024-12-29', '13:00', 'SaalB', (SELECT FilmID FROM Film WHERE Titel = 'The Lion King' LIMIT 1)),
('2024-12-29', '16:00', 'SaalC', (SELECT FilmID FROM Film WHERE Titel = 'Back to the Future' LIMIT 1)),
('2024-12-29', '19:00', 'SaalA', (SELECT FilmID FROM Film WHERE Titel = 'The Prestige' LIMIT 1)),
('2024-12-29', '22:00', 'SaalB', (SELECT FilmID FROM Film WHERE Titel = 'Goodfellas' LIMIT 1)),
('2024-12-30', '10:00', 'SaalC', (SELECT FilmID FROM Film WHERE Titel = 'The Green Mile' LIMIT 1)),
('2024-12-30', '13:00', 'SaalA', (SELECT FilmID FROM Film WHERE Titel = 'The Departed' LIMIT 1)),
('2024-12-30', '16:00', 'SaalB', (SELECT FilmID FROM Film WHERE Titel = 'Jurassic World' LIMIT 1)),
('2024-12-30', '19:00', 'SaalC', (SELECT FilmID FROM Film WHERE Titel = 'Deadpool' LIMIT 1)),
('2024-12-30', '22:00', 'SaalA', (SELECT FilmID FROM Film WHERE Titel = 'La La Land' LIMIT 1));


INSERT INTO Mitarbeiter (Mitarbeiterkennung, Vorname, Nachname, Gehalt, Einstellungsdatum, Passwort) VALUES
('MAM15-01', 'Max', 'Mustermann', 3500.00, '2023-01-15', 'Passwort1!'),
('ANM20-06', 'Anna', 'Mueller', 2800.00, '2022-06-20', 'Geheim123!'),
('PES10-11', 'Peter', 'Schmidt', 4200.00, '2021-11-10', 'Secure456!'),
('LAS01-09', 'Laura', 'Schneider', 3300.00, '2020-09-01', 'StrongPass9!'),
('TOM05-03', 'Tom', 'Fischer', 2900.00, '2023-03-05', 'Welcome123!'),
('JUW15-02', 'Julia', 'Weber', 3500.00, '2022-02-15', 'HelloWorld8!'),
('MIH10-12', 'Michael', 'Hoffmann', 4500.00, '2019-12-10', 'Password!2022'),
('EWS14-07', 'Eva', 'Schwarz', 3100.00, '2021-07-14', 'Password123!'),
('JEW22-08', 'Jens', 'Wagner', 3900.00, '2020-08-22', 'TopSecret5!'),
('SOE30-05', 'Sophie', 'Becker', 3300.00, '2023-05-30', 'Sophie2023!'),
('LUR11-10', 'Lukas', 'Richter', 4000.00, '2022-10-11', 'Richter123!'),
('CLK03-02', 'Clara', 'Klein', 3200.00, '2021-02-03', 'Clara9!secure'),
('DAB18-01', 'David', 'Bauer', 3800.00, '2020-01-18', 'Password456!'),
('MOZ25-04', 'Monika', 'Zimmermann', 3400.00, '2023-04-25', 'Zimmer#123'),
('DAS13-08', 'Daniel', 'Schulz', 3600.00, '2019-08-13', 'DanielSchulz!9');

INSERT INTO Techniker (Mitarbeiterkennung, Fachgebiet) VALUES
('MAM15-01', 'Sound'),
('ANM20-06', 'Bild'),
('PES10-11', 'Beleuchtung'),
('LAS01-09', 'Projektion'),
('TOM05-03', 'Sound');

INSERT INTO Ticket (Preis, Sitzplatz, VID, Email) VALUES
(200, 'A1', (SELECT VID FROM Vorstellung WHERE Saalname = 'SaalA' AND Datum = '2024-12-20' AND Uhrzeit = '10:00' LIMIT 1), '33996530_4156@pxmuwy.db'),
(300, 'B2', (SELECT VID FROM Vorstellung WHERE Saalname = 'SaalB' AND Datum = '2024-12-20' AND Uhrzeit = '13:00' LIMIT 1), '8268428_5@wfbuvd.db'),
(150, 'C3', (SELECT VID FROM Vorstellung WHERE Saalname = 'SaalC' AND Datum = '2024-12-20' AND Uhrzeit = '16:00' LIMIT 1), '837432-55@iuvdtcc.db'),
(250, 'D4', (SELECT VID FROM Vorstellung WHERE Saalname = 'SaalA' AND Datum = '2024-12-21' AND Uhrzeit = '13:00' LIMIT 1), '8761-_1@zhhnsdy.db'),
(180, 'E5', (SELECT VID FROM Vorstellung WHERE Saalname = 'SaalA' AND Datum = '2024-12-21' AND Uhrzeit = '13:00' LIMIT 1), '__293@rlxfsapcsq.db'),
(220, 'F6', (SELECT VID FROM Vorstellung WHERE Saalname = 'SaalC' AND Datum = '2024-12-21' AND Uhrzeit = '19:00' LIMIT 1), '321888-423-@xfyar.db'),
(270, 'G7', (SELECT VID FROM Vorstellung WHERE Saalname = 'SaalA' AND Datum = '2024-12-22' AND Uhrzeit = '16:00' LIMIT 1), '321888-423-@xfyar.db'),
(320, 'H8', (SELECT VID FROM Vorstellung WHERE Saalname = 'SaalB' AND Datum = '2024-12-22' AND Uhrzeit = '10:00' LIMIT 1), '_150-_57090@cvjuywd.db'),
(200, 'I9', (SELECT VID FROM Vorstellung WHERE Saalname = 'SaalC' AND Datum = '2024-12-22' AND Uhrzeit = '13:00' LIMIT 1), '_150-_57090@cvjuywd.db'),
(220, 'J10', (SELECT VID FROM Vorstellung WHERE Saalname = 'SaalA' AND Datum = '2024-12-23' AND Uhrzeit = '19:00' LIMIT 1), '21_82@fdsrcrrjt.db'),
(250, 'K11', (SELECT VID FROM Vorstellung WHERE Saalname = 'SaalB' AND Datum = '2024-12-23' AND Uhrzeit = '13:00' LIMIT 1), '21_82@fdsrcrrjt.db'),
(180, 'L12', (SELECT VID FROM Vorstellung WHERE Saalname = 'SaalC' AND Datum = '2024-12-23' AND Uhrzeit = '16:00' LIMIT 1), '21_82@fdsrcrrjt.db'),
(210, 'M13', (SELECT VID FROM Vorstellung WHERE Saalname = 'SaalA' AND Datum = '2024-12-24' AND Uhrzeit = '13:00' LIMIT 1), '6-478_81@jsutzl.db'),
(230, 'N14', (SELECT VID FROM Vorstellung WHERE Saalname = 'SaalB' AND Datum = '2024-12-24' AND Uhrzeit = '16:00' LIMIT 1), '6-478_81@jsutzl.db'),
(190, 'O15', (SELECT VID FROM Vorstellung WHERE Saalname = 'SaalC' AND Datum = '2024-12-24' AND Uhrzeit = '19:00' LIMIT 1), '6-478_81@jsutzl.db'),
(300, 'P16', (SELECT VID FROM Vorstellung WHERE Saalname = 'SaalA' AND Datum = '2024-12-25' AND Uhrzeit = '16:00' LIMIT 1), '5_-846675652561@yadosysxyc.db'),
(270, 'Q17', (SELECT VID FROM Vorstellung WHERE Saalname = 'SaalB' AND Datum = '2024-12-25' AND Uhrzeit = '10:00' LIMIT 1), '5_-846675652561@yadosysxyc.db'),
(220, 'R18', (SELECT VID FROM Vorstellung WHERE Saalname = 'SaalC' AND Datum = '2024-12-25' AND Uhrzeit = '22:00' LIMIT 1), '-220-19_532629@bakdqvmmn.db'),
(280, 'S19', (SELECT VID FROM Vorstellung WHERE Saalname = 'SaalA' AND Datum = '2024-12-26' AND Uhrzeit = '10:00' LIMIT 1), '-220-19_532629@bakdqvmmn.db'),
(300, 'T20', (SELECT VID FROM Vorstellung WHERE Saalname = 'SaalB' AND Datum = '2024-12-26' AND Uhrzeit = '22:00' LIMIT 1), '45_6581294841_@pcefoz.db'),
(250, 'U21', (SELECT VID FROM Vorstellung WHERE Saalname = 'SaalC' AND Datum = '2024-12-26' AND Uhrzeit = '16:00' LIMIT 1), '45_6581294841_@pcefoz.db'),
(320, 'V22', (SELECT VID FROM Vorstellung WHERE Saalname = 'SaalA' AND Datum = '2024-12-27' AND Uhrzeit = '13:00' LIMIT 1), '45_6581294841_@pcefoz.db'),
(330, 'W23', (SELECT VID FROM Vorstellung WHERE Saalname = 'SaalB' AND Datum = '2024-12-27' AND Uhrzeit = '16:00' LIMIT 1), '91--4_086303_35@ubmuqn.db'),
(200, 'X24', (SELECT VID FROM Vorstellung WHERE Saalname = 'SaalC' AND Datum = '2024-12-27' AND Uhrzeit = '19:00' LIMIT 1), '91--4_086303_35@ubmuqn.db'),
(210, 'Y25', (SELECT VID FROM Vorstellung WHERE Saalname = 'SaalA' AND Datum = '2024-12-28' AND Uhrzeit = '16:00' LIMIT 1), '91--4_086303_35@ubmuqn.db'),
(250, 'Z26', (SELECT VID FROM Vorstellung WHERE Saalname = 'SaalB' AND Datum = '2024-12-28' AND Uhrzeit = '10:00' LIMIT 1), '84087-47_3@jyijeyvxd.db'),
(300, 'A27', (SELECT VID FROM Vorstellung WHERE Saalname = 'SaalC' AND Datum = '2024-12-28' AND Uhrzeit = '13:00' LIMIT 1), '84087-47_3@jyijeyvxd.db'),
(180, 'B28', (SELECT VID FROM Vorstellung WHERE Saalname = 'SaalA' AND Datum = '2024-12-29' AND Uhrzeit = '19:00' LIMIT 1), '84087-47_3@jyijeyvxd.db'),
(220, 'C29', (SELECT VID FROM Vorstellung WHERE Saalname = 'SaalB' AND Datum = '2024-12-29' AND Uhrzeit = '13:00' LIMIT 1), '6-478_81@jsutzl.db'),
(250, 'D30', (SELECT VID FROM Vorstellung WHERE Saalname = 'SaalC' AND Datum = '2024-12-29' AND Uhrzeit = '16:00' LIMIT 1), '6-478_81@jsutzl.db'),
(330, 'E31', (SELECT VID FROM Vorstellung WHERE Saalname = 'SaalA' AND Datum = '2024-12-30' AND Uhrzeit = '13:00' LIMIT 1), '2_4_9_-@ntrkgmguq.db'),
(300, 'F32', (SELECT VID FROM Vorstellung WHERE Saalname = 'SaalB' AND Datum = '2024-12-30' AND Uhrzeit = '16:00' LIMIT 1), '2_4_9_-@ntrkgmguq.db'),
(200, 'G33', (SELECT VID FROM Vorstellung WHERE Saalname = 'SaalC' AND Datum = '2024-12-30' AND Uhrzeit = '10:00' LIMIT 1), '2_4_9_-@ntrkgmguq.db');


INSERT INTO wartet (Mitarbeiterkennung, Saalname) VALUES
('MAM15-01', 'SaalA'),
('MAM15-01', 'SaalB'),
('ANM20-06', 'SaalC'),
('PES10-11', 'SaalA'),
('PES10-11', 'SaalB'),
('LAS01-09', 'SaalC'),
('TOM05-03', 'SaalA'),
('TOM05-03', 'SaalB');

INSERT INTO storniert (TicketID, Email, Gebuehr) VALUES
((SELECT TicketID FROM Ticket WHERE Preis = 200 AND Sitzplatz = 'A1' AND Email = '33996530_4156@pxmuwy.db' LIMIT 1), '33996530_4156@pxmuwy.db', 50),
((SELECT TicketID FROM Ticket WHERE Preis = 300 AND Sitzplatz = 'B2' AND Email = '8268428_5@wfbuvd.db' LIMIT 1), '8268428_5@wfbuvd.db', 30),
((SELECT TicketID FROM Ticket WHERE Preis = 150 AND Sitzplatz = 'C3' AND Email = '837432-55@iuvdtcc.db' LIMIT 1), '837432-55@iuvdtcc.db', 40),
((SELECT TicketID FROM Ticket WHERE Preis = 250 AND Sitzplatz = 'D4' AND Email = '8761-_1@zhhnsdy.db' LIMIT 1), '8761-_1@zhhnsdy.db', 25),
((SELECT TicketID FROM Ticket WHERE Preis = 180 AND Sitzplatz = 'E5' AND Email = '__293@rlxfsapcsq.db' LIMIT 1), '__293@rlxfsapcsq.db', 60),
((SELECT TicketID FROM Ticket WHERE Preis = 220 AND Sitzplatz = 'F6' AND Email = '321888-423-@xfyar.db' LIMIT 1), '321888-423-@xfyar.db', 20),
((SELECT TicketID FROM Ticket WHERE Preis = 270 AND Sitzplatz = 'G7' AND Email = '321888-423-@xfyar.db' LIMIT 1), '321888-423-@xfyar.db', 35),
((SELECT TicketID FROM Ticket WHERE Preis = 320 AND Sitzplatz = 'H8' AND Email = '_150-_57090@cvjuywd.db' LIMIT 1), '_150-_57090@cvjuywd.db', 15),
((SELECT TicketID FROM Ticket WHERE Preis = 200 AND Sitzplatz = 'I9' AND Email = '_150-_57090@cvjuywd.db' LIMIT 1), '_150-_57090@cvjuywd.db', 50),
((SELECT TicketID FROM Ticket WHERE Preis = 220 AND Sitzplatz = 'J10' AND Email = '21_82@fdsrcrrjt.db' LIMIT 1), '21_82@fdsrcrrjt.db', 45);
